conversation_id,scenario,reference_reply,baseline_reply,retrieval_reply,lora_reply,lora_feedback_reply,best_methods_auto,manual_preferred_method,baseline_relevance,retrieval_relevance,lora_relevance,baseline_grounded,retrieval_grounded,lora_grounded,baseline_actionable,retrieval_actionable,lora_actionable,lora_feedback_relevance,lora_feedback_grounded,lora_feedback_actionable,notes
billing_vs_technical_routing_014,billing_vs_technical_routing,I will continue by checking on your previous interactions to ensure we're routing this correctly. Can you confirm which representative told you that the issue with freezing speeds was related to your billing?,I'm not sure if it's a bill question or if it's a bill question.,I'm not sure who to ask for help. I'm not sure who to ask for help.,"I'm not sure if I'll be able to help you with the problem, but I'm not sure if I'll be able to help you with it.",I'd like to make sure that you get the right support for your slow internet speeds or if it's a bill question.,lora_feedback,,,,,,,,,,,,,,
billing_vs_technical_routing_015,billing_vs_technical_routing,"We'll need to prioritize a technical check to understand what's causing your slow speeds. Once we resolve that, we can review your invoice for any pricing errors or discrepancies.","I'm sorry, but I'm not sure if it's a mistake or if it's a mistake.","I think it's a mistake. I've had it slow before, but now my bill says $50 more than usual.",I'd like to see if you can help me figure out what's going on with your bill.,I'd like to see if you can help me figure out what's going on with your bill.,"lora,lora_feedback",,,,,,,,,,,,,,
fiber_box_red_light_014,fiber_box_red_light,"I can investigate this for you and provide updates on any potential issues that may be causing the red light. If I find a local outage, we will need to schedule a technical intervention.",Is there a local outage in your area?,"Diagnosis 1. Confirm whether the red light is stable or blinking. 2. Ask whether the customer already restarted both the fiber box and the router. 3. Check whether there is a known outage affecting the customer area. 4. If no outage is reported, suspect a line issue or hardware fault.",I will try to find out if there is an outage in your area or if there is an outage in your area.,I will try to find out if there is a local outage in your area.,lora_feedback,,,,,,,,,,,,,,
fiber_box_red_light_015,fiber_box_red_light,"I will continue by checking if there's a known outage affecting your area. If not, we'll need to open a technical intervention request.",Sorry to hear that. I've restarted both the box and the router and it's been out for hours and I'm really frustrated.,Sorry to hear that. I've restarted both the box and the router and it's been out for hours.,"I've tried restarting both the box and the router, but it's not working. It's been out for hours and I'm frustrated.",I've tried restarting both the box and the router and restarting them like five times now. It's been out for hours and I'm really frustrated.,lora,,,,,,,,,,,,,,
identity_verification_015,identity_verification,Please click on the link provided in my previous message to access the secure private channel. I'll be happy to guide you through the verification process once you're there.,I'm using a secure private channel to verify my identity.,Is there anything else I can help you with?,I'm using a secure private channel to verify your identity. I'll be able to access the secure private channel to verify your identity.,"I'm using a secure private channel to verify your identity. If you have any questions, please let me know.",baseline,,,,,,,,,,,,,,
local_outage_check_014,local_outage_check,I'll continue by checking whether there is an open outage or maintenance event in your area and verify the time when the service interruption started.,I'm not sure if it made a difference or if it made a difference.,"I've tried restarting my router earlier this morning, but I'm not sure if it made a difference.",I'm not sure if it made a difference or if it made a difference.,"I've tried restarting my router a bit earlier, but I'm not sure if it made a difference.",lora_feedback,,,,,,,,,,,,,,
local_outage_check_015,local_outage_check,We'll need to check whether there is an open outage currently affecting your area and verify the time when the service interruption started.,"Sorry to hear that, but I'm not sure if you have any problems with your internet connection.",Service interruption started suddenly. It stopped working a few hours ago.,I'm sorry to hear that you're experiencing issues with your internet connection. I'm sorry to hear that you're experiencing issues with your internet connection. I'm sorry to hear that you're experiencing issues with your internet connection. I'm sorry to hear that you're experiencing issues with your internet connection.,I'm sorry to hear that you're experiencing issues with your internet connection. I'm sorry to hear that you're experiencing issues with your internet connection. It just stopped working a few hours ago.,retrieval,,,,,,,,,,,,,,
router_restart_procedure_014,router_restart_procedure,I will continue by checking if there are any specific settings or configurations that could be contributing to the issue. Can you please check your router's basic settings and let me know what they currently look like?,"No, I'm not. I'm just trying to fix it.","No, it's not.","I'm not sure if this is a problem with your router, or if it's a problem with your router.",I'm not sure if this is a problem with your router or if it is a problem with your router. I'm not sure if this is a problem with your router.,lora,,,,,,,,,,,,,,
router_restart_procedure_015,router_restart_procedure,"The next step is to power off the router completely, wait at least 30 seconds, and then turn it back on. Once the connection has stabilized, let me know whether the problem is resolved or still ongoing.","I'm sorry to hear that, but I'm not sure if I'll be able to connect to anything.",Sorry to hear that you're having issues with your internet connection.,I'm sorry to hear that you're having issues with your internet connection. I'm sorry to hear that you're having issues with your connection. I'm sorry to hear that you're having issues with your internet connection.,I'm sorry to hear that you're experiencing problems with your internet connection. I'm sorry to hear that you're experiencing connectivity issues. I'm sorry to hear that you're experiencing connectivity issues.,retrieval,,,,,,,,,,,,,,
slow_connection_diagnosis_014,slow_connection_diagnosis,I will continue by checking for known incidents or maintenance in your area that could be affecting your Wi-Fi speeds. Can you please confirm whether you've restarted your router recently?,I'm sorry to hear that you're experiencing slow speeds. I'm sorry to hear that. I'm sorry to hear that you're experiencing slow speeds.,I'm sorry to hear that you're experiencing slow speeds. I'm sorry to hear that you're experiencing slow speeds.,I'm sorry to hear that you're experiencing slow speeds. I've been doing some work from home lately and my connection has been pretty slow.,"I'm sorry to hear that you're experiencing slow speeds. I've tried closing some apps, but it didn't make a difference.",lora_feedback,,,,,,,,,,,,,,
slow_connection_diagnosis_015,slow_connection_diagnosis,I will continue by checking if there is a known issue in your area that might be affecting your connection. We will need to investigate further to determine the cause of the slowdown.,I'm sorry to hear that. I'm sorry to hear that. I'm sorry to hear that. I'm sorry to hear that.,Wi-Fi only and wired devices.,"I'm sorry to hear that, but I'm not sure if the slowdown affects Wi-Fi or also your wired devices.","I'd like to know if the slowdown only affects Wi-Fi or also your wired devices. If so, I'd like to know if the slowdown only affects your wired devices.",lora,,,,,,,,,,,,,,
technical_intervention_request_014,technical_intervention_request,I will open the technical intervention request and follow up on its status. Please expect a call or message from our team within the next 24-48 hours.,I'm sorry for the inconvenience. I'm sorry for the inconvenience. I'm sorry for the inconvenience.,I'm sorry for the inconvenience. I'm sorry for the inconvenience. I'm sorry for the inconvenience.,"I'm sorry for the inconvenience, but I'm sorry for the inconvenience. I'm sorry for the inconvenience, but I'm sorry for the inconvenience.","I'm sorry for the inconvenience, but I'm not sure if I did everything correctly. I will continue by opening a technical intervention request to further investigate the issue and potentially schedule an intervention with a technician.",lora_feedback,,,,,,,,,,,,,,
technical_intervention_request_015,technical_intervention_request,I will continue by providing you with a unique case reference number for your technical intervention request. This will be shared with our advanced support team who will investigate and attempt to resolve the issue as soon as possible.,"Thank you for your patience. I've tried restarting multiple times, but it's still down.",Thank you for your patience.,"I've tried restarting multiple times, but it's still down. I've tried restarting multiple times, but it's still down.","I've tried restarting multiple times, but it's still down. The next step is to open a technical intervention request so the problem can be investigated further.",lora_feedback,,,,,,,,,,,,,,
wifi_instability_014,wifi_instability,I'll need to investigate further to understand if there are any issues with your router placement or if there are physical obstructions blocking the signal.,"I'm not sure if it's a problem with your Wi-Fi or the whole connection. I've noticed that in some rooms, the signal is almost non-existent.","I'm having some issues with my home Wi-Fi. Sometimes the signal drops or doesn't work at all. If it is limited to Wi-Fi, we can first review router placement and restart the equipment before moving to a deeper technical check.","I'd like to see if there is a problem with the signal in the room. If so, I'd like to see if there is a problem with the signal.","I'd like to see if there is a problem with the signal in some rooms. If it is limited to Wi-Fi, we can first review router placement and restart the equipment before moving to a deeper technical check.",lora_feedback,,,,,,,,,,,,,,
wifi_instability_015,wifi_instability,We will need to investigate further to determine whether there's an issue with your specific network or a broader service outage.,I'm not sure if it's just Wi-Fi or the whole connection. I'm not sure if it's just the router.,"I'm having some issues with my home WiFi. It keeps dropping and connecting all over the place - sometimes it works on one device but not another. If it is limited to Wi-Fi, guide the customer through router placement and reboot checks.",I'd like to see if there is a problem with the connection between the router and the router.,"I'd like to see if there is a problem with the connection between the router and the router. If it is limited to Wi-Fi, we can first review router placement and restart the equipment before moving to a deeper technical check.",lora,,,,,,,,,,,,,,
